"price","date"
21217,"1988-01-04"
21575,"1988-01-05"
22791,"1988-01-06"
22792,"1988-01-07"
22873,"1988-01-08"
22578,"1988-01-11"
22625,"1988-01-12"
22325,"1988-01-13"
22604,"1988-01-14"
22910,"1988-01-18"
22898,"1988-01-19"
22843,"1988-01-20"
22710,"1988-01-21"
22877,"1988-01-22"
23318,"1988-01-25"
23499,"1988-01-26"
23336,"1988-01-27"
23587,"1988-01-28"
23622,"1988-01-29"
23732,"1988-02-01"
23672,"1988-02-02"
23595,"1988-02-03"
23709,"1988-02-04"
23651,"1988-02-05"
23772,"1988-02-08"
23662,"1988-02-09"
23772,"1988-02-10"
23982,"1988-02-12"
24207,"1988-02-15"
24346,"1988-02-16"
24430,"1988-02-17"
24675,"1988-02-18"
24773,"1988-02-19"
24847,"1988-02-22"
24949,"1988-02-23"
24969,"1988-02-24"
25101,"1988-02-25"
25165,"1988-02-26"
25243,"1988-02-29"
25436,"1988-03-01"
25683,"1988-03-02"
25596,"1988-03-03"
25616,"1988-03-04"
25617,"1988-03-07"
25466,"1988-03-08"
25605,"1988-03-09"
25618,"1988-03-10"
25544,"1988-03-11"
25434,"1988-03-14"
25476,"1988-03-15"
25704,"1988-03-16"
25872,"1988-03-17"
25966,"1988-03-18"
25843,"1988-03-22"
25895,"1988-03-23"
25781,"1988-03-24"
25627,"1988-03-25"
25623,"1988-03-28"
25953,"1988-03-29"
26320,"1988-03-30"
26260,"1988-03-31"
26104,"1988-04-01"
26335,"1988-04-04"
26315,"1988-04-05"
26511,"1988-04-06"
26769,"1988-04-07"
26749,"1988-04-08"
26925,"1988-04-11"
26931,"1988-04-12"
26986,"1988-04-13"
27111,"1988-04-14"
26894,"1988-04-15"
26671,"1988-04-18"
26657,"1988-04-19"
26864,"1988-04-20"
26828,"1988-04-21"
26837,"1988-04-22"
27213,"1988-04-25"
27247,"1988-04-26"
27192,"1988-04-27"
27434,"1988-04-28"
27670,"1988-05-02"
27534,"1988-05-06"
27264,"1988-05-09"
27412,"1988-05-10"
27161,"1988-05-11"
27213,"1988-05-12"
27468,"1988-05-13"
27760,"1988-05-16"
27820,"1988-05-17"
27768,"1988-05-18"
27373,"1988-05-19"
27394,"1988-05-20"
27250,"1988-05-23"
27313,"1988-05-24"
27444,"1988-05-25"
27428,"1988-05-26"
27290,"1988-05-27"
27223,"1988-05-30"
27417,"1988-05-31"
27704,"1988-06-01"
27869,"1988-06-02"
27822,"1988-06-03"
27996,"1988-06-06"
27967,"1988-06-07"
27913,"1988-06-08"
28072,"1988-06-09"
27920,"1988-06-10"
28038,"1988-06-13"
28062,"1988-06-14"
28094,"1988-06-15"
28147,"1988-06-16"
28342,"1988-06-17"
28139,"1988-06-20"
27926,"1988-06-21"
27861,"1988-06-22"
27733,"1988-06-23"
27750,"1988-06-24"
27435,"1988-06-27"
27398,"1988-06-28"
27607,"1988-06-29"
27769,"1988-06-30"
27504,"1988-07-01"
27360,"1988-07-04"
27577,"1988-07-05"
27767,"1988-07-06"
27728,"1988-07-07"
27917,"1988-07-08"
27986,"1988-07-11"
28100,"1988-07-12"
28020,"1988-07-13"
28084,"1988-07-14"
27914,"1988-07-15"
27662,"1988-07-18"
27149,"1988-07-19"
27554,"1988-07-20"
27676,"1988-07-21"
27285,"1988-07-22"
27184,"1988-07-25"
27304,"1988-07-26"
27739,"1988-07-27"
27796,"1988-07-28"
27912,"1988-07-29"
28326,"1988-08-01"
28366,"1988-08-02"
28348,"1988-08-03"
28293,"1988-08-04"
28423,"1988-08-05"
28253,"1988-08-08"
28170,"1988-08-09"
27555,"1988-08-10"
27785,"1988-08-11"
27834,"1988-08-12"
27901,"1988-08-15"
27897,"1988-08-16"
28179,"1988-08-17"
28129,"1988-08-18"
28209,"1988-08-19"
28079,"1988-08-22"
27920,"1988-08-23"
27800,"1988-08-24"
27870,"1988-08-25"
27565,"1988-08-26"
27379,"1988-08-29"
27512,"1988-08-30"
27366,"1988-08-31"
26934,"1988-09-01"
27117,"1988-09-02"
27342,"1988-09-05"
27321,"1988-09-06"
27504,"1988-09-07"
27740,"1988-09-08"
27647,"1988-09-09"
27757,"1988-09-12"
27794,"1988-09-13"
27806,"1988-09-14"
27866,"1988-09-16"
27901,"1988-09-19"
27549,"1988-09-20"
27713,"1988-09-21"
27428,"1988-09-22"
27334,"1988-09-26"
27500,"1988-09-27"
27752,"1988-09-28"
27700,"1988-09-29"
27924,"1988-09-30"
27546,"1988-10-03"
27501,"1988-10-04"
27405,"1988-10-05"
27172,"1988-10-06"
27258,"1988-10-07"
27470,"1988-10-11"
27409,"1988-10-12"
27273,"1988-10-13"
27307,"1988-10-14"
27269,"1988-10-17"
27142,"1988-10-18"
27294,"1988-10-19"
27391,"1988-10-20"
27401,"1988-10-21"
27282,"1988-10-24"
27421,"1988-10-25"
27621,"1988-10-26"
27723,"1988-10-27"
27741,"1988-10-28"
27983,"1988-10-31"
28014,"1988-11-01"
27985,"1988-11-02"
27953,"1988-11-04"
27866,"1988-11-07"
28007,"1988-11-08"
28213,"1988-11-09"
28166,"1988-11-10"
28490,"1988-11-11"
28521,"1988-11-14"
28829,"1988-11-15"
28996,"1988-11-16"
29077,"1988-11-17"
29180,"1988-11-18"
29284,"1988-11-21"
29430,"1988-11-22"
29340,"1988-11-24"
29407,"1988-11-25"
28983,"1988-11-28"
29318,"1988-11-29"
29579,"1988-11-30"
29541,"1988-12-01"
29532,"1988-12-02"
29615,"1988-12-05"
29669,"1988-12-06"
30051,"1988-12-07"
29759,"1988-12-08"
29793,"1988-12-09"
29672,"1988-12-12"
29598,"1988-12-13"
29755,"1988-12-14"
29706,"1988-12-15"
29537,"1988-12-16"
29470,"1988-12-19"
29568,"1988-12-20"
29698,"1988-12-21"
29775,"1988-12-22"
29686,"1988-12-23"
29868,"1988-12-26"
30051,"1988-12-27"
30159,"1988-12-28"
30244,"1988-12-29"
30184,"1988-12-30"
30210,"1989-01-04"
30678,"1989-01-05"
31007,"1989-01-06"
31143,"1989-01-09"
31143,"1989-01-10"
31298,"1989-01-11"
31228,"1989-01-12"
31355,"1989-01-13"
31311,"1989-01-17"
31170,"1989-01-18"
31333,"1989-01-19"
31558,"1989-01-20"
31568,"1989-01-23"
31512,"1989-01-24"
31646,"1989-01-25"
31568,"1989-01-26"
31581,"1989-01-27"
31361,"1989-01-30"
31498,"1989-01-31"
31686,"1989-02-01"
31829,"1989-02-02"
31881,"1989-02-03"
32065,"1989-02-06"
32078,"1989-02-07"
32132,"1989-02-08"
31985,"1989-02-09"
31983,"1989-02-10"
32149,"1989-02-13"
32084,"1989-02-14"
32173,"1989-02-15"
32177,"1989-02-16"
31980,"1989-02-17"
32312,"1989-02-20"
32452,"1989-02-21"
32286,"1989-02-22"
31986,"1989-02-23"
31964,"1989-02-27"
32074,"1989-02-28"
32000,"1989-03-01"
31877,"1989-03-02"
31938,"1989-03-03"
31838,"1989-03-06"
31656,"1989-03-07"
31702,"1989-03-08"
31553,"1989-03-09"
31724,"1989-03-10"
32100,"1989-03-13"
32098,"1989-03-14"
32021,"1989-03-15"
31655,"1989-03-16"
31443,"1989-03-17"
31589,"1989-03-21"
31493,"1989-03-22"
31512,"1989-03-23"
32306,"1989-03-24"
32737,"1989-03-27"
32826,"1989-03-28"
32839,"1989-03-29"
33042,"1989-03-30"
33312,"1989-03-31"
33361,"1989-04-03"
32996,"1989-04-04"
33185,"1989-04-05"
32999,"1989-04-06"
33250,"1989-04-07"
33256,"1989-04-10"
33064,"1989-04-11"
33150,"1989-04-12"
33308,"1989-04-13"
33322,"1989-04-14"
33364,"1989-04-17"
33185,"1989-04-18"
33030,"1989-04-19"
32806,"1989-04-20"
33245,"1989-04-21"
33435,"1989-04-24"
33501,"1989-04-25"
33713,"1989-04-26"
33793,"1989-04-27"
33955,"1989-04-28"
34135,"1989-05-01"
34032,"1989-05-02"
33992,"1989-05-08"
34081,"1989-05-09"
33866,"1989-05-10"
33716,"1989-05-11"
33926,"1989-05-12"
33992,"1989-05-15"
33856,"1989-05-16"
34001,"1989-05-17"
34068,"1989-05-18"
33817,"1989-05-19"
33852,"1989-05-22"
34005,"1989-05-23"
34192,"1989-05-24"
34161,"1989-05-25"
34077,"1989-05-26"
34267,"1989-05-29"
33981,"1989-05-30"
33667,"1989-05-31"
33457,"1989-06-01"
33452,"1989-06-02"
33627,"1989-06-05"
33718,"1989-06-06"
33640,"1989-06-07"
33398,"1989-06-08"
33214,"1989-06-09"
33403,"1989-06-12"
32913,"1989-06-13"
33055,"1989-06-14"
33013,"1989-06-15"
33233,"1989-06-16"
33345,"1989-06-19"
33325,"1989-06-20"
33531,"1989-06-21"
33626,"1989-06-22"
33469,"1989-06-23"
33246,"1989-06-26"
32956,"1989-06-27"
32949,"1989-06-28"
33236,"1989-06-29"
33190,"1989-06-30"
33310,"1989-07-03"
33423,"1989-07-04"
33704,"1989-07-05"
33676,"1989-07-06"
33747,"1989-07-07"
33702,"1989-07-10"
33631,"1989-07-11"
33575,"1989-07-12"
33456,"1989-07-13"
33344,"1989-07-14"
33557,"1989-07-17"
33665,"1989-07-18"
33899,"1989-07-19"
34093,"1989-07-20"
34539,"1989-07-21"
34516,"1989-07-24"
34785,"1989-07-25"
34706,"1989-07-26"
34954,"1989-07-27"
34898,"1989-07-28"
34899,"1989-07-31"
34780,"1989-08-01"
34742,"1989-08-02"
34630,"1989-08-03"
34759,"1989-08-04"
34859,"1989-08-07"
34720,"1989-08-08"
34713,"1989-08-09"
34672,"1989-08-10"
34811,"1989-08-11"
35084,"1989-08-14"
35090,"1989-08-15"
35063,"1989-08-16"
35141,"1989-08-17"
35114,"1989-08-18"
34893,"1989-08-21"
34787,"1989-08-22"
34740,"1989-08-23"
34607,"1989-08-24"
34688,"1989-08-25"
34472,"1989-08-28"
34431,"1989-08-29"
34348,"1989-08-30"
34484,"1989-08-31"
34442,"1989-09-01"
34271,"1989-09-04"
34153,"1989-09-05"
34116,"1989-09-06"
34114,"1989-09-07"
34333,"1989-09-08"
34287,"1989-09-11"
34402,"1989-09-12"
34473,"1989-09-13"
34471,"1989-09-14"
34471,"1989-09-18"
34745,"1989-09-19"
34772,"1989-09-20"
34961,"1989-09-21"
35445,"1989-09-25"
35371,"1989-09-26"
35690,"1989-09-27"
35637,"1989-09-28"
35623,"1989-09-29"
35366,"1989-10-02"
35383,"1989-10-03"
35523,"1989-10-04"
35209,"1989-10-05"
35376,"1989-10-06"
35240,"1989-10-09"
34795,"1989-10-11"
35116,"1989-10-12"
34469,"1989-10-13"
34996,"1989-10-16"
35108,"1989-10-17"
35374,"1989-10-18"
35486,"1989-10-19"
35586,"1989-10-20"
35527,"1989-10-23"
35442,"1989-10-24"
35678,"1989-10-25"
35527,"1989-10-26"
35417,"1989-10-27"
35549,"1989-10-30"
35564,"1989-10-31"
35495,"1989-11-01"
35434,"1989-11-02"
35270,"1989-11-06"
35596,"1989-11-07"
35657,"1989-11-08"
35663,"1989-11-09"
35750,"1989-11-10"
35769,"1989-11-13"
35852,"1989-11-14"
35876,"1989-11-15"
35964,"1989-11-16"
35894,"1989-11-17"
36060,"1989-11-20"
36287,"1989-11-21"
36484,"1989-11-22"
36882,"1989-11-24"
36985,"1989-11-27"
37021,"1989-11-28"
37269,"1989-11-29"
37133,"1989-11-30"
37304,"1989-12-01"
37494,"1989-12-04"
37654,"1989-12-05"
37858,"1989-12-06"
37724,"1989-12-07"
37753,"1989-12-08"
37804,"1989-12-11"
38062,"1989-12-12"
38181,"1989-12-13"
38271,"1989-12-14"
38586,"1989-12-15"
38439,"1989-12-18"
38512,"1989-12-19"
38215,"1989-12-20"
38040,"1989-12-21"
38424,"1989-12-22"
38681,"1989-12-25"
38802,"1989-12-26"
38877,"1989-12-27"
38916,"1989-12-28"
38713,"1989-12-29"
38275,"1990-01-04"
38295,"1990-01-05"
37951,"1990-01-08"
37697,"1990-01-09"
38170,"1990-01-10"
37517,"1990-01-11"
36850,"1990-01-12"
36821,"1990-01-16"
36729,"1990-01-17"
36837,"1990-01-18"
37257,"1990-01-19"
37378,"1990-01-22"
36779,"1990-01-23"
36969,"1990-01-24"
36874,"1990-01-25"
37174,"1990-01-26"
37216,"1990-01-29"
37189,"1990-01-30"
37206,"1990-01-31"
37650,"1990-02-01"
37631,"1990-02-02"
37667,"1990-02-05"
37302,"1990-02-06"
37516,"1990-02-07"
37288,"1990-02-08"
37107,"1990-02-09"
37156,"1990-02-13"
37472,"1990-02-14"
37460,"1990-02-15"
37223,"1990-02-16"
36896,"1990-02-19"
35734,"1990-02-20"
35827,"1990-02-21"
34891,"1990-02-22"
33322,"1990-02-23"
33898,"1990-02-26"
34592,"1990-02-27"
33830,"1990-02-28"
34058,"1990-03-01"
33845,"1990-03-02"
33791,"1990-03-05"
33362,"1990-03-06"
33691,"1990-03-07"
33993,"1990-03-08"
33368,"1990-03-09"
32621,"1990-03-12"
32352,"1990-03-13"
32672,"1990-03-14"
32616,"1990-03-15"
31263,"1990-03-16"
30807,"1990-03-19"
29843,"1990-03-21"
30372,"1990-03-22"
31840,"1990-03-23"
31826,"1990-03-26"
31264,"1990-03-27"
31026,"1990-03-28"
29980,"1990-03-29"
28002,"1990-03-30"
28760,"1990-04-02"
28443,"1990-04-03"
28249,"1990-04-04"
29279,"1990-04-05"
30398,"1990-04-06"
29625,"1990-04-09"
29440,"1990-04-10"
29623,"1990-04-11"
29214,"1990-04-12"
28463,"1990-04-13"
28462,"1990-04-16"
29249,"1990-04-17"
29945,"1990-04-18"
29835,"1990-04-19"
29679,"1990-04-20"
29501,"1990-04-23"
29564,"1990-04-24"
29425,"1990-04-25"
29585,"1990-04-26"
29690,"1990-04-27"
30174,"1990-05-01"
30956,"1990-05-02"
30971,"1990-05-07"
30946,"1990-05-08"
30980,"1990-05-09"
31512,"1990-05-10"
32043,"1990-05-11"
31997,"1990-05-14"
31968,"1990-05-15"
32062,"1990-05-16"
32014,"1990-05-17"
31765,"1990-05-18"
31938,"1990-05-21"
32177,"1990-05-22"
32312,"1990-05-23"
32794,"1990-05-24"
33192,"1990-05-25"
32818,"1990-05-28"
32926,"1990-05-29"
33131,"1990-05-30"
32891,"1990-05-31"
32925,"1990-06-01"
32922,"1990-06-04"
32954,"1990-06-05"
33193,"1990-06-06"
32993,"1990-06-07"
32540,"1990-06-08"
32322,"1990-06-11"
32372,"1990-06-12"
32668,"1990-06-13"
32538,"1990-06-14"
32377,"1990-06-15"
32040,"1990-06-18"
32088,"1990-06-19"
32087,"1990-06-20"
31695,"1990-06-21"
31124,"1990-06-22"
31572,"1990-06-25"
32313,"1990-06-26"
32106,"1990-06-27"
31940,"1990-06-28"
32160,"1990-06-29"
32415,"1990-07-02"
32446,"1990-07-03"
32352,"1990-07-04"
32445,"1990-07-05"
32538,"1990-07-06"
32152,"1990-07-09"
32294,"1990-07-10"
32575,"1990-07-11"
32644,"1990-07-12"
33022,"1990-07-13"
33172,"1990-07-16"
33048,"1990-07-17"
33056,"1990-07-18"
32422,"1990-07-19"
31895,"1990-07-20"
31702,"1990-07-23"
31701,"1990-07-24"
31370,"1990-07-25"
30863,"1990-07-26"
30443,"1990-07-27"
31036,"1990-07-30"
30838,"1990-07-31"
30245,"1990-08-01"
29516,"1990-08-02"
28600,"1990-08-03"
27653,"1990-08-06"
28509,"1990-08-07"
27616,"1990-08-08"
27330,"1990-08-09"
26176,"1990-08-10"
26673,"1990-08-13"
28112,"1990-08-14"
27549,"1990-08-15"
26787,"1990-08-16"
26490,"1990-08-17"
26298,"1990-08-20"
25211,"1990-08-21"
23738,"1990-08-22"
24166,"1990-08-23"
25142,"1990-08-24"
25711,"1990-08-27"
24895,"1990-08-28"
25670,"1990-08-29"
25978,"1990-08-30"
25420,"1990-08-31"
24908,"1990-09-03"
24078,"1990-09-04"
23812,"1990-09-05"
23962,"1990-09-06"
25081,"1990-09-07"
24605,"1990-09-10"
25216,"1990-09-11"
25075,"1990-09-12"
24897,"1990-09-13"
24366,"1990-09-14"
23885,"1990-09-17"
23726,"1990-09-18"
23603,"1990-09-19"
23778,"1990-09-20"
23359,"1990-09-21"
22251,"1990-09-24"
21772,"1990-09-25"
20984,"1990-09-26"
20222,"1990-09-27"
22898,"1990-09-28"
22849,"1990-10-01"
22278,"1990-10-02"
22828,"1990-10-03"
23630,"1990-10-04"
23495,"1990-10-05"
22586,"1990-10-08"
22390,"1990-10-09"
23109,"1990-10-11"
23606,"1990-10-12"
23859,"1990-10-15"
24367,"1990-10-16"
24481,"1990-10-17"
25071,"1990-10-18"
25298,"1990-10-19"
24877,"1990-10-22"
25353,"1990-10-23"
25006,"1990-10-24"
25329,"1990-10-25"
25242,"1990-10-26"
25194,"1990-10-29"
24295,"1990-10-30"
24195,"1990-10-31"
24385,"1990-11-01"
23966,"1990-11-02"
23500,"1990-11-05"
22970,"1990-11-06"
22932,"1990-11-07"
23974,"1990-11-08"
23937,"1990-11-09"
23487,"1990-11-13"
23172,"1990-11-14"
23518,"1990-11-15"
23205,"1990-11-16"
22817,"1990-11-19"
23400,"1990-11-20"
23698,"1990-11-21"
23624,"1990-11-22"
23054,"1990-11-26"
22713,"1990-11-27"
22455,"1990-11-28"
22726,"1990-11-29"
21863,"1990-11-30"
22194,"1990-12-03"
22553,"1990-12-04"
23522,"1990-12-05"
23785,"1990-12-06"
23957,"1990-12-07"
23999,"1990-12-10"
24643,"1990-12-11"
24350,"1990-12-12"
24088,"1990-12-13"
24424,"1990-12-14"
24877,"1990-12-17"
24525,"1990-12-18"
24120,"1990-12-19"
23768,"1990-12-20"
23888,"1990-12-21"
23941,"1990-12-25"
23849,"1990-12-26"
24069,"1990-12-27"
23737,"1990-12-28"
22898,"1991-01-04"
22969,"1991-01-07"
23047,"1991-01-08"
23241,"1991-01-09"
23213,"1991-01-10"
22443,"1991-01-11"
23447,"1991-01-14"
23808,"1991-01-16"
23352,"1991-01-17"
23254,"1991-01-18"
23050,"1991-01-21"
23269,"1991-01-22"
23573,"1991-01-23"
23569,"1991-01-24"
23460,"1991-01-25"
23410,"1991-01-28"
23293,"1991-01-29"
23157,"1991-01-30"
23287,"1991-01-31"
23822,"1991-02-01"
23952,"1991-02-04"
24104,"1991-02-05"
24296,"1991-02-06"
24935,"1991-02-07"
25139,"1991-02-08"
25356,"1991-02-12"
25344,"1991-02-13"
26230,"1991-02-14"
26167,"1991-02-15"
26199,"1991-02-18"
26024,"1991-02-19"
25903,"1991-02-20"
26463,"1991-02-21"
26283,"1991-02-22"
26094,"1991-02-25"
26409,"1991-02-26"
25882,"1991-02-27"
25976,"1991-02-28"
25913,"1991-03-01"
26383,"1991-03-04"
26398,"1991-03-05"
26608,"1991-03-06"
26669,"1991-03-07"
26727,"1991-03-08"
26418,"1991-03-11"
26542,"1991-03-12"
26843,"1991-03-13"
27147,"1991-03-14"
27007,"1991-03-15"
26449,"1991-03-18"
26613,"1991-03-19"
26646,"1991-03-21"
26339,"1991-03-22"
26105,"1991-03-25"
26207,"1991-03-26"
26292,"1991-03-27"
26007,"1991-03-28"
26252,"1991-03-29"
26780,"1991-04-01"
26690,"1991-04-02"
26767,"1991-04-03"
26608,"1991-04-04"
26317,"1991-04-05"
26269,"1991-04-08"
26425,"1991-04-09"
26583,"1991-04-10"
26696,"1991-04-11"
26813,"1991-04-12"
26980,"1991-04-15"
26799,"1991-04-16"
26542,"1991-04-17"
26237,"1991-04-18"
26492,"1991-04-19"
26330,"1991-04-22"
26039,"1991-04-23"
26124,"1991-04-24"
26111,"1991-04-25"
26489,"1991-04-26"
26478,"1991-04-30"
26342,"1991-05-01"
26310,"1991-05-02"
26439,"1991-05-07"
26274,"1991-05-08"
26093,"1991-05-09"
26030,"1991-05-10"
25822,"1991-05-13"
25520,"1991-05-14"
25702,"1991-05-15"
25523,"1991-05-16"
25481,"1991-05-17"
25399,"1991-05-20"
25644,"1991-05-21"
25529,"1991-05-22"
25426,"1991-05-23"
25391,"1991-05-24"
25495,"1991-05-27"
25647,"1991-05-28"
25790,"1991-05-29"
25913,"1991-05-30"
25557,"1991-05-31"
25290,"1991-06-03"
24984,"1991-06-04"
25035,"1991-06-05"
24598,"1991-06-06"
24663,"1991-06-07"
24483,"1991-06-10"
24808,"1991-06-11"
25094,"1991-06-12"
24943,"1991-06-13"
24685,"1991-06-14"
23997,"1991-06-17"
24082,"1991-06-18"
24275,"1991-06-19"
23765,"1991-06-20"
23907,"1991-06-21"
23766,"1991-06-24"
23543,"1991-06-25"
23291,"1991-06-26"
24109,"1991-06-27"
23996,"1991-06-28"
23373,"1991-07-01"
23136,"1991-07-02"
22898,"1991-07-03"
22176,"1991-07-04"
22609,"1991-07-05"
23121,"1991-07-08"
22938,"1991-07-09"
23138,"1991-07-10"
23459,"1991-07-11"
23375,"1991-07-12"
23061,"1991-07-15"
22909,"1991-07-16"
22866,"1991-07-17"
22705,"1991-07-18"
22759,"1991-07-19"
23297,"1991-07-22"
23333,"1991-07-23"
23519,"1991-07-24"
23444,"1991-07-25"
23873,"1991-07-26"
24121,"1991-07-29"
24073,"1991-07-30"
24028,"1991-07-31"
23833,"1991-08-01"
23465,"1991-08-02"
23691,"1991-08-05"
23482,"1991-08-06"
23435,"1991-08-07"
22986,"1991-08-08"
22872,"1991-08-09"
23393,"1991-08-12"
23019,"1991-08-13"
22814,"1991-08-14"
21457,"1991-08-15"
21687,"1991-08-16"
22052,"1991-08-19"
22516,"1991-08-20"
22065,"1991-08-21"
21592,"1991-08-22"
21641,"1991-08-23"
21622,"1991-08-26"
22002,"1991-08-27"
22336,"1991-08-28"
22469,"1991-08-29"
22470,"1991-08-30"
22403,"1991-09-02"
22500,"1991-09-03"
22693,"1991-09-04"
22574,"1991-09-05"
22412,"1991-09-06"
22505,"1991-09-09"
22530,"1991-09-10"
23134,"1991-09-11"
23444,"1991-09-12"
23318,"1991-09-13"
23332,"1991-09-17"
23193,"1991-09-18"
23334,"1991-09-19"
23577,"1991-09-20"
23968,"1991-09-24"
23969,"1991-09-25"
23916,"1991-09-26"
24377,"1991-09-27"
24375,"1991-09-30"
24711,"1991-10-01"
24597,"1991-10-02"
24331,"1991-10-03"
24156,"1991-10-04"
24485,"1991-10-07"
24158,"1991-10-08"
23861,"1991-10-09"
24308,"1991-10-11"
24335,"1991-10-14"
24440,"1991-10-15"
24895,"1991-10-16"
25017,"1991-10-17"
24955,"1991-10-18"
24800,"1991-10-21"
24949,"1991-10-22"
24906,"1991-10-23"
24902,"1991-10-24"
25141,"1991-10-25"
24981,"1991-10-28"
25222,"1991-10-29"
25044,"1991-10-30"
24951,"1991-10-31"
24750,"1991-11-01"
24447,"1991-11-05"
24486,"1991-11-06"
24233,"1991-11-07"
24668,"1991-11-08"
24416,"1991-11-11"
24177,"1991-11-12"
24099,"1991-11-13"
23400,"1991-11-14"
23327,"1991-11-15"
23200,"1991-11-18"
23178,"1991-11-19"
23117,"1991-11-20"
22869,"1991-11-21"
23112,"1991-11-22"
22973,"1991-11-25"
22780,"1991-11-26"
22687,"1991-11-27"
21992,"1991-11-28"
22167,"1991-11-29"
22669,"1991-12-02"
22459,"1991-12-03"
22445,"1991-12-04"
22353,"1991-12-05"
21953,"1991-12-06"
21503,"1991-12-09"
21713,"1991-12-10"
22755,"1991-12-11"
22837,"1991-12-12"
22736,"1991-12-13"
22630,"1991-12-16"
21991,"1991-12-17"
21777,"1991-12-18"
21665,"1991-12-19"
22461,"1991-12-20"
22555,"1991-12-24"
22437,"1991-12-25"
22984,"1991-12-26"
23801,"1991-12-27"
23566,"1991-12-30"
22715,"1992-01-06"
23114,"1992-01-07"
22382,"1992-01-08"
21697,"1992-01-09"
21775,"1992-01-10"
21612,"1992-01-13"
21321,"1992-01-14"
20914,"1992-01-16"
20858,"1992-01-17"
21534,"1992-01-20"
21581,"1992-01-21"
21072,"1992-01-22"
21007,"1992-01-23"
21391,"1992-01-24"
21362,"1992-01-27"
21558,"1992-01-28"
22023,"1992-01-29"
22140,"1992-01-30"
22000,"1992-01-31"
21936,"1992-02-03"
22105,"1992-02-04"
22107,"1992-02-05"
21820,"1992-02-06"
21542,"1992-02-07"
21391,"1992-02-10"
20884,"1992-02-12"
21325,"1992-02-13"
20872,"1992-02-14"
20618,"1992-02-17"
20772,"1992-02-18"
21292,"1992-02-19"
20973,"1992-02-20"
21026,"1992-02-21"
21365,"1992-02-24"
21334,"1992-02-25"
21339,"1992-02-26"
21488,"1992-02-27"
21052,"1992-02-28"
21105,"1992-03-02"
20864,"1992-03-03"
20993,"1992-03-04"
20798,"1992-03-05"
20855,"1992-03-06"
20592,"1992-03-09"
20562,"1992-03-10"
20456,"1992-03-11"
19837,"1992-03-12"
19918,"1992-03-13"
19764,"1992-03-16"
20185,"1992-03-17"
20240,"1992-03-18"
19892,"1992-03-19"
20227,"1992-03-23"
19885,"1992-03-24"
19637,"1992-03-25"
19669,"1992-03-26"
19346,"1992-03-27"
18582,"1992-03-30"
18286,"1992-03-31"
18560,"1992-04-01"
18436,"1992-04-02"
17792,"1992-04-03"
17176,"1992-04-06"
16598,"1992-04-07"
17851,"1992-04-08"
17237,"1992-04-09"
17440,"1992-04-10"
17948,"1992-04-13"
17960,"1992-04-14"
17581,"1992-04-15"
17071,"1992-04-16"
16787,"1992-04-17"
16839,"1992-04-20"
17402,"1992-04-21"
17542,"1992-04-22"
17451,"1992-04-23"
17527,"1992-04-24"
17391,"1992-04-27"
17303,"1992-04-28"
17879,"1992-04-30"
18411,"1992-05-01"
18376,"1992-05-07"
18608,"1992-05-08"
18509,"1992-05-11"
18769,"1992-05-12"
18805,"1992-05-13"
18074,"1992-05-14"
18443,"1992-05-15"
18754,"1992-05-18"
18675,"1992-05-19"
18691,"1992-05-20"
18221,"1992-05-21"
18555,"1992-05-22"
18205,"1992-05-25"
17823,"1992-05-26"
17931,"1992-05-27"
18348,"1992-05-28"
18004,"1992-05-29"
18126,"1992-06-01"
18189,"1992-06-02"
17964,"1992-06-03"
17790,"1992-06-04"
17655,"1992-06-05"
17845,"1992-06-08"
17743,"1992-06-09"
17709,"1992-06-10"
17384,"1992-06-11"
16953,"1992-06-12"
16954,"1992-06-15"
16446,"1992-06-16"
16046,"1992-06-17"
16520,"1992-06-18"
15921,"1992-06-19"
16107,"1992-06-22"
15854,"1992-06-23"
16144,"1992-06-24"
15813,"1992-06-25"
15741,"1992-06-26"
15952,"1992-06-29"
16325,"1992-06-30"
16758,"1992-07-01"
16718,"1992-07-02"
16657,"1992-07-03"
16460,"1992-07-06"
16600,"1992-07-07"
16849,"1992-07-08"
16784,"1992-07-09"
17202,"1992-07-10"
17065,"1992-07-13"
17117,"1992-07-14"
16988,"1992-07-15"
16548,"1992-07-16"
15884,"1992-07-17"
16002,"1992-07-20"
15542,"1992-07-21"
16040,"1992-07-22"
15498,"1992-07-23"
15373,"1992-07-24"
15427,"1992-07-27"
15096,"1992-07-28"
15556,"1992-07-29"
15910,"1992-07-30"
15709,"1992-07-31"
15693,"1992-08-03"
15984,"1992-08-04"
15926,"1992-08-05"
15518,"1992-08-06"
15066,"1992-08-07"
14823,"1992-08-10"
14774,"1992-08-11"
14768,"1992-08-12"
14820,"1992-08-13"
14930,"1992-08-14"
14309,"1992-08-17"
14651,"1992-08-18"
15268,"1992-08-19"
16217,"1992-08-20"
16628,"1992-08-21"
16381,"1992-08-24"
16542,"1992-08-25"
17555,"1992-08-26"
17971,"1992-08-27"
18061,"1992-08-28"
17740,"1992-08-31"
17588,"1992-09-01"
18386,"1992-09-02"
18555,"1992-09-03"
18440,"1992-09-04"
18282,"1992-09-07"
18876,"1992-09-08"
18908,"1992-09-09"
18108,"1992-09-10"
18471,"1992-09-11"
17945,"1992-09-14"
18117,"1992-09-16"
18167,"1992-09-17"
18066,"1992-09-18"
18283,"1992-09-21"
18610,"1992-09-22"
18395,"1992-09-24"
17973,"1992-09-25"
17748,"1992-09-28"
17399,"1992-09-29"
17370,"1992-09-30"
17324,"1992-10-01"
17102,"1992-10-02"
17268,"1992-10-05"
17112,"1992-10-06"
17336,"1992-10-07"
17060,"1992-10-08"
17302,"1992-10-09"
17491,"1992-10-12"
17344,"1992-10-13"
17628,"1992-10-14"
17370,"1992-10-15"
16904,"1992-10-16"
16988,"1992-10-19"
17142,"1992-10-20"
17013,"1992-10-21"
17118,"1992-10-22"
17011,"1992-10-23"
17185,"1992-10-26"
17068,"1992-10-27"
16938,"1992-10-28"
16767,"1992-10-29"
16853,"1992-10-30"
17065,"1992-11-02"
17032,"1992-11-04"
16870,"1992-11-05"
16417,"1992-11-06"
16437,"1992-11-09"
16318,"1992-11-10"
16377,"1992-11-11"
16331,"1992-11-12"
16163,"1992-11-13"
15993,"1992-11-16"
16779,"1992-11-17"
16871,"1992-11-18"
17034,"1992-11-19"
17096,"1992-11-20"
17302,"1992-11-24"
17479,"1992-11-25"
17471,"1992-11-26"
17684,"1992-11-27"
17313,"1992-11-30"
17394,"1992-12-01"
17260,"1992-12-02"
17296,"1992-12-03"
17207,"1992-12-04"
17282,"1992-12-07"
17406,"1992-12-08"
17501,"1992-12-09"
17441,"1992-12-10"
17290,"1992-12-11"
17481,"1992-12-14"
17269,"1992-12-15"
17438,"1992-12-16"
17681,"1992-12-17"
17645,"1992-12-18"
17691,"1992-12-21"
17649,"1992-12-22"
17557,"1992-12-24"
17189,"1992-12-25"
17286,"1992-12-28"
16925,"1992-12-29"
16994,"1992-12-30"
16843,"1993-01-04"
16783,"1993-01-05"
16781,"1993-01-06"
16635,"1993-01-07"
16590,"1993-01-08"
16681,"1993-01-11"
16518,"1993-01-12"
16516,"1993-01-13"
16617,"1993-01-14"
16799,"1993-01-18"
16510,"1993-01-19"
16539,"1993-01-20"
16337,"1993-01-21"
16287,"1993-01-22"
16493,"1993-01-25"
16510,"1993-01-26"
17063,"1993-01-27"
17024,"1993-01-28"
17134,"1993-01-29"
17186,"1993-02-01"
17222,"1993-02-02"
17191,"1993-02-03"
17333,"1993-02-04"
17282,"1993-02-05"
17022,"1993-02-08"
17090,"1993-02-09"
16852,"1993-02-10"
17118,"1993-02-12"
16916,"1993-02-15"
17010,"1993-02-16"
16982,"1993-02-17"
17010,"1993-02-18"
16821,"1993-02-19"
16863,"1993-02-22"
16799,"1993-02-23"
16907,"1993-02-24"
16953,"1993-02-25"
16880,"1993-02-26"
16864,"1993-03-01"
16854,"1993-03-02"
16760,"1993-03-03"
16818,"1993-03-04"
17686,"1993-03-05"
17848,"1993-03-08"
17859,"1993-03-09"
17905,"1993-03-10"
18038,"1993-03-11"
18086,"1993-03-12"
17968,"1993-03-15"
18173,"1993-03-16"
18728,"1993-03-17"
18537,"1993-03-18"
18784,"1993-03-22"
18492,"1993-03-23"
18451,"1993-03-24"
18765,"1993-03-25"
18789,"1993-03-26"
19048,"1993-03-29"
18963,"1993-03-30"
18591,"1993-03-31"
19099,"1993-04-01"
19447,"1993-04-02"
19759,"1993-04-05"
19487,"1993-04-06"
19829,"1993-04-07"
19967,"1993-04-08"
19892,"1993-04-09"
19882,"1993-04-12"
20740,"1993-04-13"
20533,"1993-04-14"
20676,"1993-04-15"
20298,"1993-04-16"
20112,"1993-04-19"
19828,"1993-04-20"
19773,"1993-04-21"
19591,"1993-04-22"
19704,"1993-04-23"
19624,"1993-04-26"
20207,"1993-04-27"
20455,"1993-04-28"
20919,"1993-04-30"
20622,"1993-05-06"
20811,"1993-05-07"
21055,"1993-05-10"
20940,"1993-05-11"
20615,"1993-05-12"
20533,"1993-05-13"
20474,"1993-05-14"
20566,"1993-05-17"
20229,"1993-05-18"
20381,"1993-05-19"
20330,"1993-05-20"
20557,"1993-05-21"
20476,"1993-05-24"
20632,"1993-05-25"
20896,"1993-05-26"
20853,"1993-05-27"
20844,"1993-05-28"
20552,"1993-05-31"
20591,"1993-06-01"
20692,"1993-06-02"
21076,"1993-06-03"
20882,"1993-06-04"
20844,"1993-06-07"
20575,"1993-06-08"
20493,"1993-06-10"
20501,"1993-06-11"
20397,"1993-06-14"
20046,"1993-06-15"
19902,"1993-06-16"
19926,"1993-06-17"
19805,"1993-06-18"
19212,"1993-06-21"
19538,"1993-06-22"
19493,"1993-06-23"
19685,"1993-06-24"
19660,"1993-06-25"
19887,"1993-06-28"
19543,"1993-06-29"
19590,"1993-06-30"
19925,"1993-07-01"
19621,"1993-07-02"
19623,"1993-07-05"
19830,"1993-07-06"
19721,"1993-07-07"
19689,"1993-07-08"
19877,"1993-07-09"
19980,"1993-07-12"
20180,"1993-07-13"
20139,"1993-07-14"
20158,"1993-07-15"
20332,"1993-07-16"
20151,"1993-07-19"
20038,"1993-07-20"
20081,"1993-07-21"
20116,"1993-07-22"
19735,"1993-07-23"
19822,"1993-07-26"
19891,"1993-07-27"
19830,"1993-07-28"
20457,"1993-07-29"
20380,"1993-07-30"
20344,"1993-08-02"
20358,"1993-08-03"
20498,"1993-08-04"
20426,"1993-08-05"
20358,"1993-08-06"
20493,"1993-08-09"
20494,"1993-08-10"
20733,"1993-08-11"
20765,"1993-08-12"
20745,"1993-08-13"
20901,"1993-08-16"
20842,"1993-08-17"
20773,"1993-08-18"
20687,"1993-08-19"
20607,"1993-08-20"
20414,"1993-08-23"
20432,"1993-08-24"
20521,"1993-08-25"
20592,"1993-08-26"
20792,"1993-08-27"
20913,"1993-08-30"
21027,"1993-08-31"
20953,"1993-09-01"
20983,"1993-09-02"
21116,"1993-09-03"
21061,"1993-09-06"
20962,"1993-09-07"
20918,"1993-09-08"
20826,"1993-09-09"
20818,"1993-09-10"
21148,"1993-09-13"
20948,"1993-09-14"
20502,"1993-09-16"
20391,"1993-09-17"
20266,"1993-09-20"
20467,"1993-09-21"
20175,"1993-09-23"
20308,"1993-09-24"
20094,"1993-09-27"
20173,"1993-09-28"
20077,"1993-09-29"
20106,"1993-09-30"
20283,"1993-10-01"
20264,"1993-10-04"
20322,"1993-10-05"
20500,"1993-10-06"
20266,"1993-10-07"
20379,"1993-10-08"
20137,"1993-10-12"
20038,"1993-10-13"
20083,"1993-10-14"
20174,"1993-10-15"
20072,"1993-10-18"
20070,"1993-10-19"
20173,"1993-10-20"
20179,"1993-10-21"
20265,"1993-10-22"
20309,"1993-10-25"
20024,"1993-10-26"
19839,"1993-10-27"
19479,"1993-10-28"
19703,"1993-10-29"
19438,"1993-11-01"
19381,"1993-11-02"
18950,"1993-11-04"
18590,"1993-11-05"
18625,"1993-11-08"
18126,"1993-11-09"
18122,"1993-11-10"
18159,"1993-11-11"
18494,"1993-11-12"
18075,"1993-11-15"
18246,"1993-11-16"
18109,"1993-11-17"
18166,"1993-11-18"
17941,"1993-11-19"
17385,"1993-11-22"
17067,"1993-11-24"
17223,"1993-11-25"
16726,"1993-11-26"
16079,"1993-11-29"
16407,"1993-11-30"
17125,"1993-12-01"
17459,"1993-12-02"
17459,"1993-12-03"
16840,"1993-12-06"
16903,"1993-12-07"
16508,"1993-12-08"
17062,"1993-12-09"
17257,"1993-12-10"
17327,"1993-12-13"
17309,"1993-12-14"
17489,"1993-12-15"
17789,"1993-12-16"
18052,"1993-12-17"
17404,"1993-12-20"
17315,"1993-12-21"
17446,"1993-12-22"
17141,"1993-12-24"
16820,"1993-12-27"
17131,"1993-12-28"
17272,"1993-12-29"
17417,"1993-12-30"
